<ImportExportXml version="9.2.23032.168" SolutionPackageVersion="9.2" languagecode="1033" generatedBy="CrmLive" xmlns:xsi="http://www.w3.org/2001/XMLSchema-instance">
  <SolutionManifest>
    <UniqueName>OpenAIModels</UniqueName>
    <LocalizedNames>
      <LocalizedName description="OpenAI Models" languagecode="1033" />
    </LocalizedNames>
    <Descriptions>
      <Description description="Enhances the data model by OpenAI models, such as ChatGPT and Dall.e." languagecode="1033" />
    </Descriptions>
    <Version>1.0.0.0</Version>
    <Managed>0</Managed>
    <Publisher>
      <UniqueName>Sabrina_Hilmer</UniqueName>
      <LocalizedNames>
        <LocalizedName description="SabrinaHilmer" languagecode="1033" />
      </LocalizedNames>
      <Descriptions />
      <EMailAddress>admin@sabrinahilmer.com</EMailAddress>
      <SupportingWebsiteUrl xsi:nil="true"></SupportingWebsiteUrl>
      <CustomizationPrefix>hil</CustomizationPrefix>
      <CustomizationOptionValuePrefix>80911</CustomizationOptionValuePrefix>
      <Addresses>
        <Address>
          <AddressNumber>1</AddressNumber>
          <AddressTypeCode>1</AddressTypeCode>
          <City xsi:nil="true"></City>
          <County xsi:nil="true"></County>
          <Country>Germany</Country>
          <Fax xsi:nil="true"></Fax>
          <FreightTermsCode xsi:nil="true"></FreightTermsCode>
          <ImportSequenceNumber xsi:nil="true"></ImportSequenceNumber>
          <Latitude xsi:nil="true"></Latitude>
          <Line1 xsi:nil="true"></Line1>
          <Line2 xsi:nil="true"></Line2>
          <Line3 xsi:nil="true"></Line3>
          <Longitude xsi:nil="true"></Longitude>
          <Name xsi:nil="true"></Name>
          <PostalCode xsi:nil="true"></PostalCode>
          <PostOfficeBox xsi:nil="true"></PostOfficeBox>
          <PrimaryContactName xsi:nil="true"></PrimaryContactName>
          <ShippingMethodCode>1</ShippingMethodCode>
          <StateOrProvince xsi:nil="true"></StateOrProvince>
          <Telephone1>015150356905</Telephone1>
          <Telephone2 xsi:nil="true"></Telephone2>
          <Telephone3 xsi:nil="true"></Telephone3>
          <TimeZoneRuleVersionNumber xsi:nil="true"></TimeZoneRuleVersionNumber>
          <UPSZone xsi:nil="true"></UPSZone>
          <UTCOffset xsi:nil="true"></UTCOffset>
          <UTCConversionTimeZoneCode xsi:nil="true"></UTCConversionTimeZoneCode>
        </Address>
        <Address>
          <AddressNumber>2</AddressNumber>
          <AddressTypeCode>1</AddressTypeCode>
          <City xsi:nil="true"></City>
          <County xsi:nil="true"></County>
          <Country xsi:nil="true"></Country>
          <Fax xsi:nil="true"></Fax>
          <FreightTermsCode xsi:nil="true"></FreightTermsCode>
          <ImportSequenceNumber xsi:nil="true"></ImportSequenceNumber>
          <Latitude xsi:nil="true"></Latitude>
          <Line1 xsi:nil="true"></Line1>
          <Line2 xsi:nil="true"></Line2>
          <Line3 xsi:nil="true"></Line3>
          <Longitude xsi:nil="true"></Longitude>
          <Name xsi:nil="true"></Name>
          <PostalCode xsi:nil="true"></PostalCode>
          <PostOfficeBox xsi:nil="true"></PostOfficeBox>
          <PrimaryContactName xsi:nil="true"></PrimaryContactName>
          <ShippingMethodCode>1</ShippingMethodCode>
          <StateOrProvince xsi:nil="true"></StateOrProvince>
          <Telephone1 xsi:nil="true"></Telephone1>
          <Telephone2 xsi:nil="true"></Telephone2>
          <Telephone3 xsi:nil="true"></Telephone3>
          <TimeZoneRuleVersionNumber xsi:nil="true"></TimeZoneRuleVersionNumber>
          <UPSZone xsi:nil="true"></UPSZone>
          <UTCOffset xsi:nil="true"></UTCOffset>
          <UTCConversionTimeZoneCode xsi:nil="true"></UTCConversionTimeZoneCode>
        </Address>
      </Addresses>
    </Publisher>
    <RootComponents>
      <RootComponent type="1" schemaName="hil_openaimodel" behavior="0" />
      <RootComponent type="9" schemaName="hil_openaiendpoints" behavior="0" />
      <RootComponent type="29" id="{96b3e864-7ac6-ed11-b596-0022486f42ec}" behavior="0" />
      <RootComponent type="61" schemaName="hil_icon_openai" behavior="0" />
      <RootComponent type="372" id="{87784d9c-b4e1-4c95-a9bd-9db16ba167c8}" schemaName="hil_chatgpt" behavior="0" />
    </RootComponents>
    <MissingDependencies>
      <MissingDependency>
        <Required type="connectionreference" displayName="hil_sharedchatgpt5f2d1699d84d12b65f5fc10e780de21d1612_01be5" solution="Active" id.connectionreferencelogicalname="hil_sharedchatgpt5f2d1699d84d12b65f5fc10e780de21d1612_01be5" />
        <Dependent type="29" displayName="ListAndCreateOpenAIModels.Instant" id="{96b3e864-7ac6-ed11-b596-0022486f42ec}" />
      </MissingDependency>
      <MissingDependency>
        <Required type="connectionreference" displayName="hil_sharedcommondataserviceforapps_0a94d" solution="Active" id.connectionreferencelogicalname="hil_sharedcommondataserviceforapps_0a94d" />
        <Dependent type="29" displayName="ListAndCreateOpenAIModels.Instant" id="{96b3e864-7ac6-ed11-b596-0022486f42ec}" />
      </MissingDependency>
    </MissingDependencies>
  </SolutionManifest>
</ImportExportXml>